{
    "__prefixes__":{
        "yocto": 1e-24,
        "y": 1e-24,
        "zepto": 1e-21,
        "z": 1e-21,
        "atto": 1e-18,
        "a": 1e-18,
        "femto": 1e-15,
        "f": 1e15,
        "pico": 1e-12,
        "p": 1e-12,
        "nano": 1e-9,
        "n": 1e-9,
        "micro": 1e-6,
        "µ": 1e-6,
        "μ": 1e-6,
        "u": 1e-6,
        "milli": 1e-3,
        "m": 1e-3,
        "centi": 1e-2,
        "c": 1e-2,
        "deci": 1e-1,
        "d": 1e-1,
        "": 1,
        "deca": 1e+1,
        "da": 1e+1,
        "deka": 1e+1,
        "hecto": 1e2,
        "h": 1e2,
        "kilo": 1e3,
        "k": 1e3,
        "K": 1e3,
        "mega": 1e6,
        "M": 1e6,
        "giga": 1e9,
        "G": 1e9,
        "tera": 1e12,
        "T": 1e12,
        "peta": 1e15,
        "P": 1e15,
        "exa": 1e18,
        "E": 1e18,
        "zetta": 1e21,
        "Z": 1e21,
        "yotta": 1e24,
        "Y": 1e24,

        "kibi": 1024,
        "Ki": 1024,
        "mebi": 1048576,
        "Mi": 1048576,
        "gibi": 1073741824,
        "Gi": 1073741824,
        "tebi": 1099511627776,
        "Ti": 1099511627776,
        "pebi": 1125899906842624,
        "Pi": 1125899906842624,
        "exbi": 1152921504606846976,
        "Ei": 1152921504606846976,
        "zebi": 1180591620717411303424,
        "Zi": 1180591620717411303424,
        "yobi": 1.208925819614629174706E+24,
        "Yi": 1.208925819614629174706E+24,

        "semi": 0.5,
        "demi": 0.5,
        "sesqui": 1.5
    },

    "dimensionless": {
        "dimensionless": 1
    },

    "length": {
        "metre": 1,
        "m": 1,
        "meter": 1,
        "inch": 0.0254,
        "mile": 1609.34
    },

    "time": {
        "second": 1,
        "sec": 1,
        "s": 1,
        "minute": 60,
        "minutes": 60,
        "min": 60,
        "M": 60,
        "hour": 3600,
        "hours": 3600,
        "H": 3600,
        "day": 86400,
        "d": 86400
    },

    "volume": {
        "litre": {"numerator": ["m", "cm", "dm"]},
        "litres": {"numerator": ["m", "cm", "dm"]},
        "liter": {"numerator": ["m", "cm", "dm"]}
    },

    "temperature": {
        "kelvin": 1,
        "degC": 1
    },

    "current": {
        "amp": 1,
        "A": 1
    },

    "mass": {
        "gram": 1,
        "g": 1,
        "pound": 2.20462,
        "lb": 2.20462,
        "t": 1000000,
        "tonne": 1000000
    },

    "power": {
        "W": 1,
        "watt": 1,
        "watts": 1
    },

    "energy": {
        "joule": {"numerator": ["watt", "second"]},
        "Wh": {"numerator": ["watt", "hour"]},
        "watt_hour": {"numerator": ["watt", "hour"]},
        "watt_hours": {"numerator": ["watt", "hour"]}
    },

    "rate": {
        "Hz": {"numerator": ["dimensionless"], "denominator": ["second"]},
        "cycles": {"numerator": ["dimensionless"], "denominator": ["second"]}
    },

    "currency": {
        "USD": 1,
        "EUR": 1,
        "GBP": 1,
        "JPY": 1,
        "pence": 0.01,
        "cent": 0.01,
        "p": 0.01
    }

}